NAICS Code,NAICS Description
541930,TRANSLATION AND INTERPRETATION SERVICES
327910,ABRASIVE PRODUCT MANUFACTURING
924120,ADMINISTRATION OF CONSERVATION PROGRAMS
923110,ADMINISTRATION OF EDUCATION PROGRAMS
926110,ADMINISTRATION OF GENERAL ECONOMIC PROGRAMS
923120,ADMINISTRATION OF PUBLIC HEALTH PROGRAMS
923140,ADMINISTRATION OF VETERANS' AFFAIRS
541611,ADMINISTRATIVE MANAGEMENT AND GENERAL MANAGEMENT CONSULTING SERVICES
541810,ADVERTISING AGENCIES
333912,AIR AND GAS COMPRESSOR MANUFACTURING
488111,AIR TRAFFIC CONTROL
333415,AIR-CONDITIONING AND WARM AIR HEATING EQUIPMENT AND COMMERCIAL AND INDUSTRIAL REFRIGERATION EQUIPMENT MANUFACTURING
336412,AIRCRAFT ENGINE AND ENGINE PARTS MANUFACTURING
336411,AIRCRAFT MANUFACTURING
713990,ALL OTHER AMUSEMENT AND RECREATION INDUSTRIES
112990,ALL OTHER ANIMAL PRODUCTION
325199,ALL OTHER BASIC ORGANIC CHEMICAL MANUFACTURING
561499,ALL OTHER BUSINESS SUPPORT SERVICES
532289,ALL OTHER CONSUMER GOODS RENTAL
322299,ALL OTHER CONVERTED PAPER PRODUCT MANUFACTURING
333298,ALL OTHER INDUSTRIAL MACHINERY MANUFACTURING
519190,ALL OTHER INFORMATION SERVICES
524298,ALL OTHER INSURANCE RELATED ACTIVITIES
316998,ALL OTHER LEATHER GOOD AND ALLIED PRODUCT MANUFACTURING
541199,ALL OTHER LEGAL SERVICES
621999,ALL OTHER MISCELLANEOUS AMBULATORY HEALTH CARE SERVICES
325998,ALL OTHER MISCELLANEOUS CHEMICAL PRODUCT AND PREPARATION MANUFACTURING
335999,ALL OTHER MISCELLANEOUS ELECTRICAL EQUIPMENT AND COMPONENT MANUFACTURING
332999,ALL OTHER MISCELLANEOUS FABRICATED METAL PRODUCT MANUFACTURING
311999,ALL OTHER MISCELLANEOUS FOOD MANUFACTURING
333999,ALL OTHER MISCELLANEOUS GENERAL PURPOSE MACHINERY MANUFACTURING
339999,ALL OTHER MISCELLANEOUS MANUFACTURING
611699,ALL OTHER MISCELLANEOUS SCHOOLS AND INSTRUCTION
314999,ALL OTHER MISCELLANEOUS TEXTILE PRODUCT MILLS
562998,ALL OTHER MISCELLANEOUS WASTE MANAGEMENT SERVICES
621498,ALL OTHER OUTPATIENT CARE CENTERS
812990,ALL OTHER PERSONAL SERVICES
326199,ALL OTHER PLASTICS PRODUCT MANUFACTURING
541990,"ALL OTHER PROFESSIONAL, SCIENTIFIC, AND TECHNICAL SERVICES"
511199,ALL OTHER PUBLISHERS
326299,ALL OTHER RUBBER PRODUCT MANUFACTURING
238990,ALL OTHER SPECIALTY TRADE CONTRACTORS
488999,ALL OTHER SUPPORT ACTIVITIES FOR TRANSPORTATION
561990,ALL OTHER SUPPORT SERVICES
517919,ALL OTHER TELECOMMUNICATIONS
485999,ALL OTHER TRANSIT AND GROUND PASSENGER TRANSPORTATION
336999,ALL OTHER TRANSPORTATION EQUIPMENT MANUFACTURING
561599,ALL OTHER TRAVEL ARRANGEMENT AND RESERVATION SERVICES
331315,"ALUMINUM SHEET, PLATE, AND FOIL MANUFACTURING"
621910,AMBULANCE SERVICES
332993,AMMUNITION (EXCEPT SMALL ARMS) MANUFACTURING
334516,ANALYTICAL LABORATORY INSTRUMENT MANUFACTURING
311611,ANIMAL (EXCEPT POULTRY) SLAUGHTERING
315990,APPAREL ACCESSORIES AND OTHER APPAREL MANUFACTURING
811412,APPLIANCE REPAIR AND MAINTENANCE
611513,APPRENTICESHIP TRAINING
541310,ARCHITECTURAL SERVICES
561613,ARMORED CAR SERVICES
325220,ARTIFICIAL AND SYNTHETIC FIBERS AND FILAMENTS MANUFACTURING
324121,ASPHALT PAVING MIXTURE AND BLOCK MANUFACTURING
324122,ASPHALT SHINGLE AND COATING MATERIALS MANUFACTURING
334310,AUDIO AND VIDEO EQUIPMENT MANUFACTURING
334512,"AUTOMATIC ENVIRONMENTAL CONTROL MANUFACTURING FOR RESIDENTIAL, COMMERCIAL, AND APPLIANCE USE"
423110,AUTOMOBILE AND OTHER MOTOR VEHICLE MERCHANT WHOLESALERS
611692,AUTOMOBILE DRIVING SCHOOLS
336111,AUTOMOBILE MANUFACTURING
332991,BALL AND ROLLER BEARING MANUFACTURING
334412,BARE PRINTED CIRCUIT BOARD MANUFACTURING
325414,BIOLOGICAL PRODUCT (EXCEPT DIAGNOSTIC) MANUFACTURING
221117,BIOMASS ELECTRIC POWER GENERATION
212112,BITUMINOUS COAL UNDERGROUND MINING
337920,BLIND AND SHADE MANUFACTURING
621991,BLOOD AND ORGAN BANKS
336612,BOAT BUILDING
332722,"BOLT, NUT, SCREW, RIVET, AND WASHER MANUFACTURING"
511130,BOOK PUBLISHERS
424920,"BOOK, PERIODICAL, AND NEWSPAPER MERCHANT WHOLESALERS"
323117,BOOKS PRINTING
312112,BOTTLED WATER MANUFACTURING
311230,BREAKFAST CEREAL MANUFACTURING
313311,BROADWOVEN FABRIC FINISHING MILLS
313210,BROADWOVEN FABRIC MILLS
541350,BUILDING INSPECTION SERVICES
485113,BUS AND OTHER MOTOR VEHICLE TRANSIT SYSTEMS
515210,CABLE AND OTHER SUBSCRIPTION PROGRAMMING
722514,"CAFETERIAS, GRILL BUFFETS, AND BUFFETS"
314912,CANVAS AND RELATED PRODUCT MILLS
334416,"CAPACITOR, RESISTOR, COIL, TRANSFORMER, AND OTHER INDUCTOR MANUFACTURING"
335991,CARBON AND GRAPHITE PRODUCT MANUFACTURING
339944,CARBON PAPER AND INKED RIBBON MANUFACTURING
722320,CATERERS
812220,CEMETERIES AND CREMATORIES
485510,CHARTER BUS INDUSTRY
311513,CHEESE MANUFACTURING
624110,CHILD AND YOUTH SERVICES
524291,CLAIMS ADJUSTING
483113,COASTAL AND GREAT LAKES FREIGHT TRANSPORTATION
483114,COASTAL AND GREAT LAKES PASSENGER TRANSPORTATION
611310,"COLLEGES, UNIVERSITIES, AND PROFESSIONAL SCHOOLS"
532411,"COMMERCIAL AIR, RAIL, AND WATER TRANSPORTATION EQUIPMENT RENTAL AND LEASING"
811310,COMMERCIAL AND INDUSTRIAL MACHINERY AND EQUIPMENT (EXCEPT AUTOMOTIVE AND ELECTRONIC) REPAIR AND MAINTENANCE
236220,COMMERCIAL AND INSTITUTIONAL BUILDING CONSTRUCTION
311812,COMMERCIAL BAKERIES
522110,COMMERCIAL BANKING
323111,COMMERCIAL PRINTING (EXCEPT SCREEN AND BOOKS)
811213,COMMUNICATION EQUIPMENT REPAIR AND MAINTENANCE
485112,COMMUTER RAIL SYSTEMS
423430,COMPUTER AND COMPUTER PERIPHERAL EQUIPMENT AND SOFTWARE MERCHANT WHOLESALERS
811212,COMPUTER AND OFFICE MACHINE REPAIR AND MAINTENANCE
443120,COMPUTER AND SOFTWARE STORES
541513,COMPUTER FACILITIES MANAGEMENT SERVICES
334112,COMPUTER STORAGE DEVICE MANUFACTURING
541512,COMPUTER SYSTEMS DESIGN SERVICES
334118,COMPUTER TERMINAL AND OTHER COMPUTER PERIPHERAL EQUIPMENT MANUFACTURING
334113,COMPUTER TERMINAL MANUFACTURING
611420,COMPUTER TRAINING
333120,CONSTRUCTION MACHINERY MANUFACTURING
212321,CONSTRUCTION SAND AND GRAVEL MINING
532412,"CONSTRUCTION, MINING, AND FORESTRY MACHINERY AND EQUIPMENT RENTAL AND LEASING"
532210,CONSUMER ELECTRONICS AND APPLIANCES RENTAL
811211,CONSUMER ELECTRONICS REPAIR AND MAINTENANCE
623311,CONTINUING CARE RETIREMENT COMMUNITIES
561920,CONVENTION AND TRADE SHOW ORGANIZERS
333922,CONVEYOR AND CONVEYING EQUIPMENT MANUFACTURING
311821,COOKIE AND CRACKER MANUFACTURING
331420,"COPPER ROLLING, DRAWING, EXTRUDING, AND ALLOYING"
922140,CORRECTIONAL INSTITUTIONS
322211,CORRUGATED AND SOLID FIBER BOX MANUFACTURING
492110,COURIERS AND EXPRESS DELIVERY SERVICES
561492,COURT REPORTING AND STENOTYPE SERVICES
311512,CREAMERY BUTTER MANUFACTURING
561450,CREDIT BUREAUS
212312,CRUSHED AND BROKEN LIMESTONE MINING AND QUARRYING
335931,CURRENT-CARRYING WIRING DEVICE MANUFACTURING
337212,CUSTOM ARCHITECTURAL WOODWORK AND MILLWORK MANUFACTURING
325991,CUSTOM COMPOUNDING OF PURCHASED RESINS
541511,CUSTOM COMPUTER PROGRAMMING SERVICES
315210,CUT AND SEW APPAREL CONTRACTORS
327991,CUT STONE AND STONE PRODUCT MANUFACTURING
333515,CUTTING TOOL AND MACHINE TOOL ACCESSORY MANUFACTURING
518210,"DATA PROCESSING, HOSTING, AND RELATED SERVICES"
483111,DEEP SEA FREIGHT TRANSPORTATION
483112,DEEP SEA PASSENGER TRANSPORTATION
339114,DENTAL EQUIPMENT AND SUPPLIES MANUFACTURING
339116,DENTAL LABORATORIES
621512,DIAGNOSTIC IMAGING CENTERS
524114,DIRECT HEALTH AND MEDICAL INSURANCE CARRIERS
524113,DIRECT LIFE INSURANCE CARRIERS
524126,DIRECT PROPERTY AND CASUALTY INSURANCE CARRIERS
561410,DOCUMENT PREPARATION SERVICES
339930,"DOLL, TOY, AND GAME MANUFACTURING"
311423,DRIED AND DEHYDRATED FOOD MANUFACTURING
424210,DRUGS AND DRUGGISTS' SUNDRIES MERCHANT WHOLESALERS
311824,"DRY PASTA, DOUGH, AND FLOUR MIXES MANUFACTURING FROM PURCHASED FLOUR"
311514,"DRY, CONDENSED, AND EVAPORATED DAIRY PRODUCT MANUFACTURING"
812320,DRYCLEANING AND LAUNDRY SERVICES (EXCEPT COIN-OPERATED)
611710,EDUCATIONAL SUPPORT SERVICES
221121,ELECTRIC BULK POWER TRANSMISSION AND CONTROL
335110,ELECTRIC LAMP BULB AND PART MANUFACTURING
221122,ELECTRIC POWER DISTRIBUTION
423610,"ELECTRICAL APPARATUS AND EQUIPMENT, WIRING SUPPLIES, AND RELATED EQUIPMENT MERCHANT  WHOLESALERS"
238210,ELECTRICAL CONTRACTORS AND OTHER WIRING INSTALLATION CONTRACTORS
334510,ELECTROMEDICAL AND ELECTROTHERAPEUTIC APPARATUS MANUFACTURING
334111,ELECTRONIC COMPUTER MANUFACTURING
334417,ELECTRONIC CONNECTOR MANUFACTURING
624230,EMERGENCY AND OTHER RELIEF SERVICES
561311,EMPLOYMENT PLACEMENT AGENCIES
541330,ENGINEERING SERVICES
813312,"ENVIRONMENT, CONSERVATION AND WILDLIFE ORGANIZATIONS"
541620,ENVIRONMENTAL CONSULTING SERVICES
611691,EXAM PREPARATION AND TUTORING
921110,EXECUTIVE OFFICES
325920,EXPLOSIVES MANUFACTURING
561710,EXTERMINATING AND PEST CONTROL SERVICES
332996,FABRICATED PIPE AND PIPE FITTING MANUFACTURING
332312,FABRICATED STRUCTURAL METAL MANUFACTURING
561210,FACILITIES SUPPORT SERVICES
333111,FARM MACHINERY AND EQUIPMENT MANUFACTURING
311225,FATS AND OILS REFINING AND BLENDING
325314,FERTILIZER (MIXING ONLY) MANUFACTURING
335921,FIBER OPTIC CABLE MANUFACTURING
522320,"FINANCIAL TRANSACTIONS PROCESSING, RESERVE, AND CLEARINGHOUSE ACTIVITIES"
112511,FINFISH FARMING AND FISH HATCHERIES
114111,FINFISH FISHING
238350,FINISH CARPENTRY CONTRACTORS
922160,FIRE PROTECTION
713940,FITNESS AND RECREATIONAL SPORTS CENTERS
611512,FLIGHT TRAINING
238330,FLOORING CONTRACTORS
311211,FLOUR MILLING
311511,FLUID MILK MANUFACTURING
333995,FLUID POWER CYLINDER AND ACTUATOR MANUFACTURING
333996,FLUID POWER PUMP AND MOTOR MANUFACTURING
332912,FLUID POWER VALVE AND HOSE FITTING MANUFACTURING
333241,FOOD PRODUCT MACHINERY MANUFACTURING
722310,FOOD SERVICE CONTRACTORS
316210,FOOTWEAR MANUFACTURING
113210,FOREST NURSERIES AND GATHERING OF FOREST PRODUCTS
221112,FOSSIL FUEL ELECTRIC POWER GENERATION
621493,FREESTANDING AMBULATORY SURGICAL AND EMERGENCY CENTERS
488510,FREIGHT TRANSPORTATION ARRANGEMENT
424480,FRESH FRUIT AND VEGETABLE MERCHANT WHOLESALERS
311411,"FROZEN FRUIT, JUICE, AND VEGETABLE MANUFACTURING"
311421,FRUIT AND VEGETABLE CANNING
722511,FULL-SERVICE RESTAURANTS
423210,FURNITURE MERCHANT WHOLESALERS
339991,"GASKET, PACKING, AND SEALING DEVICE MANUFACTURING"
811111,GENERAL AUTOMOTIVE REPAIR
484110,"GENERAL FREIGHT TRUCKING, LOCAL"
484121,"GENERAL FREIGHT TRUCKING, LONG-DISTANCE, TRUCKLOAD"
622110,GENERAL MEDICAL AND SURGICAL HOSPITALS
532310,GENERAL RENTAL CENTERS
493110,GENERAL WAREHOUSING AND STORAGE
541360,GEOPHYSICAL SURVEYING AND MAPPING SERVICES
541430,GRAPHIC DESIGN SERVICES
336414,GUIDED MISSILE AND SPACE VEHICLE MANUFACTURING
336415,GUIDED MISSILE AND SPACE VEHICLE PROPULSION UNIT AND PROPULSION UNIT PARTS MANUFACTURING
332510,HARDWARE MANUFACTURING
423710,HARDWARE MERCHANT WHOLESALERS
444130,HARDWARE STORES
111940,HAY FARMING
562112,HAZARDOUS WASTE COLLECTION
562211,HAZARDOUS WASTE TREATMENT AND DISPOSAL
333414,HEATING EQUIPMENT (EXCEPT WARM AIR FURNACES) MANUFACTURING
336120,HEAVY DUTY TRUCK MANUFACTURING
237310,"HIGHWAY, STREET, AND BRIDGE CONSTRUCTION"
712120,HISTORICAL SITES
444110,HOME CENTERS
621610,HOME HEALTH CARE SERVICES
532283,HOME HEALTH EQUIPMENT RENTAL
315110,HOSIERY AND SOCK MILLS
721110,HOTELS (EXCEPT CASINO HOTELS) AND MOTELS
335222,HOUSEHOLD REFRIGERATOR AND HOME FREEZER MANUFACTURING
541612,"HUMAN RESOURCES CONSULTING SERVICES (2007), HUMAN RESOURCES AND EXECUTIVE SEARCH CONSULTING SERVICES (2002)"
221111,HYDROELECTRIC POWER GENERATION
711510,"INDEPENDENT ARTISTS, WRITERS, AND PERFORMERS"
333413,INDUSTRIAL AND COMMERCIAL FAN AND BLOWER AND AIR PURIFICATION EQUIPMENT MANUFACTURING
236210,INDUSTRIAL BUILDING CONSTRUCTION
541420,INDUSTRIAL DESIGN SERVICES
325120,INDUSTRIAL GAS MANUFACTURING
812332,INDUSTRIAL LAUNDERERS
333511,INDUSTRIAL MOLD MANUFACTURING
333994,INDUSTRIAL PROCESS FURNACE AND OVEN MANUFACTURING
423840,INDUSTRIAL SUPPLIES MERCHANT WHOLESALERS
333924,"INDUSTRIAL TRUCK, TRACTOR, TRAILER, AND STACKER MACHINERY MANUFACTURING"
332911,INDUSTRIAL VALVE MANUFACTURING
483211,INLAND WATER FREIGHT TRANSPORTATION
483212,INLAND WATER PASSENGER TRANSPORTATION
337127,INSTITUTIONAL FURNITURE MANUFACTURING
334515,INSTRUMENT MANUFACTURING FOR MEASURING AND TESTING ELECTRICITY AND ELECTRICAL SIGNALS
334513,"INSTRUMENTS AND RELATED PRODUCTS MANUFACTURING FOR MEASURING, DISPLAYING, AND CONTROLLING INDUSTRIAL PROCESS VARIABLES"
524210,INSURANCE AGENCIES AND BROKERAGES
541410,INTERIOR DESIGN SERVICES
928120,INTERNATIONAL AFFAIRS
519130,INTERNET PUBLISHING AND BROADCASTING AND WEB SEARCH PORTALS
518111,INTERNET SERVICE PROVIDERS
485210,INTERURBAN AND RURAL BUS TRANSPORTATION
561611,INVESTIGATION SERVICES
523930,INVESTMENT ADVICE
325413,IN-VITRO DIAGNOSTIC SUBSTANCE MANUFACTURING
332111,IRON AND STEEL FORGING
331110,IRON AND STEEL MILLS AND FERROALLOY MANUFACTURING
334517,IRRADIATION APPARATUS MANUFACTURING
561720,JANITORIAL SERVICES
611210,JUNIOR COLLEGES
621492,KIDNEY DIALYSIS CENTERS
326130,"LAMINATED PLASTICS PLATE, SHEET (EXCEPT PACKAGING), AND SHAPE MANUFACTURING"
541320,LANDSCAPE ARCHITECTURAL SERVICES
561730,LANDSCAPING SERVICES
611630,LANGUAGE SCHOOLS
333112,LAWN AND GARDEN TRACTOR AND HOME LAWN AND GARDEN EQUIPMENT MANUFACTURING
922130,LEGAL COUNSEL AND PROSECUTION
531130,LESSORS OF MINIWAREHOUSES AND SELF-STORAGE UNITS
531120,LESSORS OF NONRESIDENTIAL BUILDINGS (EXCEPT MINIWAREHOUSES)
531190,LESSORS OF OTHER REAL ESTATE PROPERTY
531110,LESSORS OF RESIDENTIAL BUILDINGS AND DWELLINGS
519120,LIBRARIES AND ARCHIVES
336112,LIGHT TRUCK AND UTILITY VEHICLE MANUFACTURING
492210,LOCAL MESSENGERS AND LOCAL DELIVERY
561622,LOCKSMITHS
423310,"LUMBER, PLYWOOD, MILLWORK, AND WOOD PANEL MERCHANT WHOLESALERS"
332710,MACHINE SHOPS
333512,MACHINE TOOL (METAL CUTTING TYPES) MANUFACTURING
333517,MACHINE TOOL MANUFACTURING
335220,MAJOR HOUSEHOLD APPLIANCE MANUFACTURING
321991,MANUFACTURED HOME (MOBILE HOME) MANUFACTURING
713930,MARINAS
488320,MARINE CARGO HANDLING
541613,MARKETING CONSULTING SERVICES
541910,MARKETING RESEARCH AND PUBLIC OPINION POLLING
238140,MASONRY CONTRACTORS
562920,MATERIALS RECOVERY FACILITIES
337910,MATTRESS MANUFACTURING
333914,"MEASURING, DISPENSING, AND OTHER PUMPING EQUIPMENT MANUFACTURING"
333613,MECHANICAL POWER TRANSMISSION EQUIPMENT MANUFACTURING
621511,MEDICAL LABORATORIES
423450,"MEDICAL, DENTAL, AND HOSPITAL EQUIPMENT AND SUPPLIES MERCHANT WHOLESALERS"
325411,MEDICINAL AND BOTANICAL MANUFACTURING
424320,MEN'S AND BOYS' CLOTHING AND FURNISHINGS MERCHANT WHOLESALERS
315220,MEN'S AND BOYS' CUT AND SEW APPAREL MANUFACTURING
448110,MEN'S CLOTHING STORES
337124,METAL HOUSEHOLD FURNITURE MANUFACTURING
332215,"METAL KITCHEN COOKWARE, UTENSIL, CUTLERY, AND FLATWARE (EXCEPT PRECIOUS) MANUFACTURING"
332420,METAL TANK (HEAVY GAUGE) MANUFACTURING
332321,METAL WINDOW AND DOOR MANUFACTURING
336992,"MILITARY ARMORED VEHICLE, TANK, AND TANK COMPONENT MANUFACTURING"
327993,MINERAL WOOL MANUFACTURING
523910,MISCELLANEOUS INTERMEDIATION
485111,MIXED MODE TRANSIT SYSTEMS
722330,MOBILE FOOD SERVICES
522310,MORTGAGE AND NONMORTGAGE LOAN BROKERS
512120,MOTION PICTURE AND VIDEO DISTRIBUTION
512110,MOTION PICTURE AND VIDEO PRODUCTION
335312,MOTOR AND GENERATOR MANUFACTURING
336211,MOTOR VEHICLE BODY MANUFACTURING
336340,MOTOR VEHICLE BRAKE SYSTEM MANUFACTURING
336320,MOTOR VEHICLE ELECTRICAL AND ELECTRONIC EQUIPMENT MANUFACTURING
336310,MOTOR VEHICLE GASOLINE ENGINE AND ENGINE PARTS MANUFACTURING
336370,MOTOR VEHICLE METAL STAMPING
336360,MOTOR VEHICLE SEATING AND INTERIOR TRIM MANUFACTURING
423120,MOTOR VEHICLE SUPPLIES AND NEW PARTS MERCHANT WHOLESALERS
336350,MOTOR VEHICLE TRANSMISSION AND POWER TRAIN PARTS MANUFACTURING
712110,MUSEUMS
928110,NATIONAL SECURITY
221210,NATURAL GAS DISTRIBUTION
211130,NATURAL GAS EXTRACTION
712190,NATURE PARKS AND OTHER SIMILAR INSTITUTIONS
488330,NAVIGATIONAL SERVICES TO SHIPPING
236117,NEW HOUSING FOR-SALE BUILDERS
236116,NEW MULTIFAMILY HOUSING CONSTRUCTION (EXCEPT FOR-SALE BUILDERS)
236115,NEW SINGLE-FAMILY HOUSING CONSTRUCTION (EXCEPT FOR-SALE BUILDERS)
511110,NEWSPAPER PUBLISHERS
311340,NONCHOCOLATE CONFECTIONERY MANUFACTURING
332112,NONFERROUS FORGING
331410,NONFERROUS METAL (EXCEPT ALUMINUM) SMELTING AND REFINING
331491,"NONFERROUS METAL (EXCEPT COPPER AND ALUMINUM) ROLLING, DRAWING, AND EXTRUDING"
531312,NONRESIDENTIAL PROPERTY MANAGERS
481212,NONSCHEDULED CHARTERED FREIGHT AIR TRANSPORTATION
481211,NONSCHEDULED CHARTERED PASSENGER AIR TRANSPORTATION
337122,NONUPHOLSTERED WOOD HOUSEHOLD FURNITURE MANUFACTURING
313230,NONWOVEN FABRIC MILLS
111421,NURSERY AND TREE PRODUCTION
623110,NURSING CARE FACILITIES (SKILLED NURSING FACILITIES)
561110,OFFICE ADMINISTRATIVE SERVICES
423420,OFFICE EQUIPMENT MERCHANT WHOLESALERS
337214,OFFICE FURNITURE (EXCEPT WOOD) MANUFACTURING
532420,OFFICE MACHINERY AND EQUIPMENT RENTAL AND LEASING
333313,OFFICE MACHINERY MANUFACTURING
339940,OFFICE SUPPLIES (EXCEPT PAPER) MANUFACTURING
621399,OFFICES OF ALL OTHER MISCELLANEOUS HEALTH PRACTITIONERS
541211,OFFICES OF CERTIFIED PUBLIC ACCOUNTANTS
621310,OFFICES OF CHIROPRACTORS
621210,OFFICES OF DENTISTS
541110,OFFICES OF LAWYERS
621330,OFFICES OF MENTAL HEALTH PRACTITIONERS (EXCEPT PHYSICIANS)
621320,OFFICES OF OPTOMETRISTS
621340,"OFFICES OF PHYSICAL, OCCUPATIONAL AND SPEECH THERAPISTS, AND AUDIOLOGISTS"
621111,OFFICES OF PHYSICIANS (EXCEPT MENTAL HEALTH SPECIALISTS)
621112,"OFFICES OF PHYSICIANS, MENTAL HEALTH SPECIALISTS"
531210,OFFICES OF REAL ESTATE AGENTS AND BROKERS
531320,OFFICES OF REAL ESTATE APPRAISERS
237120,OIL AND GAS PIPELINE AND RELATED STRUCTURES CONSTRUCTION
339115,OPHTHALMIC GOODS MANUFACTURING
446130,OPTICAL GOODS STORES
333314,OPTICAL INSTRUMENT AND LENS MANUFACTURING
332323,ORNAMENTAL AND ARCHITECTURAL METAL WORK MANUFACTURING
541219,OTHER ACCOUNTING SERVICES
522390,OTHER ACTIVITIES RELATED TO CREDIT INTERMEDIATION
531390,OTHER ACTIVITIES RELATED TO REAL ESTATE
336413,OTHER AIRCRAFT PARTS AND AUXILIARY EQUIPMENT MANUFACTURING
488119,OTHER AIRPORT OPERATIONS
331318,"OTHER ALUMINUM ROLLING, DRAWING, AND EXTRUDING"
315999,OTHER APPAREL ACCESSORIES AND OTHER APPAREL MANUFACTURING
325180,OTHER BASIC INORGANIC CHEMICAL MANUFACTURING
238290,OTHER BUILDING EQUIPMENT CONTRACTORS
238390,OTHER BUILDING FINISHING CONTRACTORS
561439,OTHER BUSINESS SERVICE CENTERS (INCLUDING COPY SHOPS)
424690,OTHER CHEMICAL AND ALLIED PRODUCTS MERCHANT WHOLESALERS
532490,OTHER COMMERCIAL AND INDUSTRIAL MACHINERY AND EQUIPMENT RENTAL AND LEASING
333318,OTHER COMMERCIAL AND SERVICE INDUSTRY MACHINERY MANUFACTURING
333319,OTHER COMMERCIAL AND SERVICE INDUSTRY MACHINERY MANUFACTURING
323119,OTHER COMMERCIAL PRINTING
335929,OTHER COMMUNICATION AND ENERGY WIRE MANUFACTURING
334290,OTHER COMMUNICATIONS EQUIPMENT MANUFACTURING
624229,OTHER COMMUNITY HOUSING SERVICES
334119,OTHER COMPUTER PERIPHERAL EQUIPMENT MANUFACTURING
541519,OTHER COMPUTER RELATED SERVICES
327390,OTHER CONCRETE PRODUCT MANUFACTURING
212319,OTHER CRUSHED AND BROKEN STONE MINING AND QUARRYING
315280,OTHER CUT AND SEW APPAREL MANUFACTURING
221118,OTHER ELECTRIC POWER GENERATION
221119,OTHER ELECTRIC POWER GENERATION
811219,OTHER ELECTRONIC AND PRECISION EQUIPMENT REPAIR AND MAINTENANCE
334419,OTHER ELECTRONIC COMPONENT MANUFACTURING
423690,OTHER ELECTRONIC PARTS AND EQUIPMENT MERCHANT WHOLESALERS
333618,OTHER ENGINE EQUIPMENT MANUFACTURING
332618,OTHER FABRICATED WIRE PRODUCT MANUFACTURING
238190,"OTHER FOUNDATION, STRUCTURE, AND BUILDING EXTERIOR CONTRACTORS"
921190,OTHER GENERAL GOVERNMENT SUPPORT
813219,OTHER GRANTMAKING AND GIVING SERVICES
336419,OTHER GUIDED MISSILE AND SPACE VEHICLE PARTS AND AUXILIARY EQUIPMENT MANUFACTURING
237990,OTHER HEAVY AND CIVIL ENGINEERING CONSTRUCTION
624190,OTHER INDIVIDUAL AND FAMILY SERVICES
333249,OTHER INDUSTRIAL MACHINERY MANUFACTURING
922190,"OTHER JUSTICE, PUBLIC ORDER, AND SAFETY ACTIVITIES"
335129,OTHER LIGHTING EQUIPMENT MANUFACTURING
541618,OTHER MANAGEMENT CONSULTING SERVICES
334519,OTHER MEASURING AND CONTROLLING DEVICE MANUFACTURING
332439,OTHER METAL CONTAINER MANUFACTURING
332919,OTHER METAL VALVE AND PIPE FITTING MANUFACTURING
336390,OTHER MOTOR VEHICLE PARTS MANUFACTURING
331529,OTHER NONFERROUS METAL FOUNDRIES (EXCEPT DIE-CASTING)
562219,OTHER NONHAZARDOUS WASTE TREATMENT AND DISPOSAL
481219,OTHER NONSCHEDULED AIR TRANSPORTATION
811490,OTHER PERSONAL AND HOUSEHOLD GOODS REPAIR AND MAINTENANCE
812199,OTHER PERSONAL CARE SERVICES
327212,OTHER PRESSED AND BLOWN GLASS AND GLASSWARE MANUFACTURING
623990,OTHER RESIDENTIAL CARE FACILITIES
541690,OTHER SCIENTIFIC AND TECHNICAL CONSULTING SERVICES
541890,OTHER SERVICES RELATED TO ADVERTISING
561790,OTHER SERVICES TO BUILDINGS AND DWELLINGS
311919,OTHER SNACK FOOD MANUFACTURING
512290,OTHER SOUND RECORDING INDUSTRIES
711219,OTHER SPECTATOR SPORTS
488190,OTHER SUPPORT ACTIVITIES FOR AIR TRANSPORTATION
488490,OTHER SUPPORT ACTIVITIES FOR ROAD TRANSPORTATION
488390,OTHER SUPPORT ACTIVITIES FOR WATER TRANSPORTATION
611519,OTHER TECHNICAL AND TRADE SCHOOLS
493190,OTHER WAREHOUSING AND STORAGE
562119,OTHER WASTE COLLECTION
621420,OUTPATIENT MENTAL HEALTH AND SUBSTANCE ABUSE CENTERS
333923,"OVERHEAD TRAVELING CRANE, HOIST, AND MONORAIL SYSTEM MANUFACTURING"
561910,PACKAGING AND LABELING SERVICES
333993,PACKAGING MACHINERY MANUFACTURING
488991,PACKING AND CRATING
325510,PAINT AND COATING MANUFACTURING
238320,PAINTING AND WALL COVERING CONTRACTORS
322121,PAPER (EXCEPT NEWSPRINT) MILLS
322220,PAPER BAG AND COATED AND TREATED PAPER MANUFACTURING
812930,PARKING LOTS AND GARAGES
532112,PASSENGER CAR LEASING
532111,PASSENGER CAR RENTAL
541214,PAYROLL SERVICES
511120,PERIODICAL PUBLISHERS
311991,PERISHABLE PREPARED FOOD MANUFACTURING
325320,PESTICIDE AND OTHER AGRICULTURAL CHEMICAL MANUFACTURING
812910,PET CARE (EXCEPT VETERINARY) SERVICES
424710,PETROLEUM BULK STATIONS AND TERMINALS
324191,PETROLEUM LUBRICATING OIL AND GREASE MANUFACTURING
324110,PETROLEUM REFINERIES
325412,PHARMACEUTICAL PREPARATION MANUFACTURING
446110,PHARMACIES AND DRUG STORES
333316,PHOTOGRAPHIC AND PHOTOCOPYING EQUIPMENT MANUFACTURING
333315,PHOTOGRAPHIC AND PHOTOCOPYING EQUIPMENT MANUFACTURING
325992,"PHOTOGRAPHIC FILM, PAPER, PLATE, AND CHEMICAL MANUFACTURING"
326111,PLASTICS BAG MANUFACTURING
325211,PLASTICS MATERIAL AND RESIN MANUFACTURING
326122,PLASTICS PIPE AND PIPE FITTING MANUFACTURING
332313,PLATE WORK MANUFACTURING
332913,PLUMBING FIXTURE FITTING AND TRIM MANUFACTURING
238220,"PLUMBING, HEATING, AND AIR-CONDITIONING CONTRACTORS"
922120,POLICE PROTECTION
325612,POLISH AND OTHER SANITATION GOOD MANUFACTURING
488310,PORT AND HARBOR OPERATIONS
523920,PORTFOLIO MANAGEMENT
491110,POSTAL SERVICE
311615,POULTRY PROCESSING
238110,POURED CONCRETE FOUNDATION AND STRUCTURE CONTRACTORS
332117,POWDER METALLURGY PART MANUFACTURING
237130,POWER AND COMMUNICATION LINE AND RELATED STRUCTURES CONSTRUCTION
332410,POWER BOILER AND HEAT EXCHANGER MANUFACTURING
335311,"POWER, DISTRIBUTION, AND SPECIALTY TRANSFORMER MANUFACTURING"
332721,PRECISION TURNED PRODUCT MANUFACTURING
332311,PREFABRICATED METAL BUILDING AND COMPONENT MANUFACTURING
321992,PREFABRICATED WOOD BUILDING MANUFACTURING
335912,PRIMARY BATTERY MANUFACTURING
334418,PRINTED CIRCUIT ASSEMBLY (ELECTRONIC ASSEMBLY) MANUFACTURING
325910,PRINTING INK MANUFACTURING
333244,PRINTING MACHINERY AND EQUIPMENT MANUFACTURING
333293,PRINTING MACHINERY AND EQUIPMENT MANUFACTURING
561431,PRIVATE MAIL CENTERS
541614,"PROCESS, PHYSICAL DISTRIBUTION, AND LOGISTICS CONSULTING SERVICES"
611430,PROFESSIONAL AND MANAGEMENT DEVELOPMENT TRAINING
561330,PROFESSIONAL EMPLOYER ORGANIZATIONS (FORMERLY EMPLOYEE LEASING SERVICES)
813920,PROFESSIONAL ORGANIZATIONS
711320,"PROMOTERS OF PERFORMING ARTS, SPORTS, AND SIMILAR EVENTS WITHOUT FACILITIES"
541820,PUBLIC RELATIONS AGENCIES
333911,PUMP AND PUMPING EQUIPMENT MANUFACTURING
334220,RADIO AND TELEVISION BROADCASTING AND WIRELESS COMMUNICATIONS EQUIPMENT MANUFACTURING
515111,RADIO NETWORKS
336510,RAILROAD ROLLING STOCK MANUFACTURING
441210,RECREATIONAL VEHICLE DEALERS
493120,REFRIGERATED WAREHOUSING AND STORAGE
926130,"REGULATION AND ADMINISTRATION OF COMMUNICATIONS, ELECTRIC, GAS, AND OTHER UTILITIES"
524130,REINSURANCE CARRIERS
335314,RELAY AND INDUSTRIAL CONTROL MANUFACTURING
562910,REMEDIATION SERVICES
541711,RESEARCH AND DEVELOPMENT IN BIOTECHNOLOGY
541714,RESEARCH AND DEVELOPMENT IN BIOTECHNOLOGY (EXCEPT NANOBIOTECHNOLOGY)
541713,RESEARCH AND DEVELOPMENT IN NANOTECHNOLOGY
541710,"RESEARCH AND DEVELOPMENT IN THE PHYSICAL, ENGINEERING, AND LIFE SCIENCES"
541712,"RESEARCH AND DEVELOPMENT IN THE PHYSICAL, ENGINEERING, AND LIFE SCIENCES (EXCEPT BIOTECHNOLOGY)"
541715,"RESEARCH AND DEVELOPMENT IN THE PHYSICAL, ENGINEERING, AND LIFE SCIENCES (EXCEPT NANOTECHNOLOGY AND BIOTECHNOLOGY)"
541720,RESEARCH AND DEVELOPMENT IN THE SOCIAL SCIENCES AND HUMANITIES
623210,RESIDENTIAL INTELLECTUAL AND DEVELOPMENTAL DISABILITY FACILITIES
623220,RESIDENTIAL MENTAL HEALTH AND SUBSTANCE ABUSE FACILITIES
531311,RESIDENTIAL PROPERTY MANAGERS
236118,RESIDENTIAL REMODELERS
311212,RICE MILLING
311911,ROASTED NUTS AND PEANUT BUTTER MANUFACTURING
333519,ROLLING MILL AND OTHER METALWORKING MACHINERY MANUFACTURING
238160,ROOFING CONTRACTORS
423330,"ROOFING, SIDING, AND INSULATION MATERIAL MERCHANT WHOLESALERS"
721310,"ROOMING AND BOARDING HOUSES, DORMITORIES, AND WORKERS' CAMPS"
326220,RUBBER AND PLASTICS HOSES AND BELTING MANUFACTURING
326291,RUBBER PRODUCT MANUFACTURING FOR MECHANICAL USE
721211,RV (RECREATIONAL VEHICLE) PARKS AND CAMPGROUNDS
322291,SANITARY PAPER PRODUCT MANUFACTURING
517410,SATELLITE TELECOMMUNICATIONS
522120,SAVINGS INSTITUTIONS
332216,SAW BLADE AND HANDTOOL MANUFACTURING
333997,"SCALE AND BALANCE MANUFACTURING (2007), SCALE AND BALANCE (EXCEPT LABORATORY) MANUFACTURING (2002)"
481112,SCHEDULED FREIGHT AIR TRANSPORTATION
481111,SCHEDULED PASSENGER AIR TRANSPORTATION
485410,SCHOOL AND EMPLOYEE BUS TRANSPORTATION
311710,SEAFOOD PRODUCT PREPARATION AND PACKAGING
334511,"SEARCH, DETECTION, NAVIGATION, GUIDANCE, AERONAUTICAL, AND NAUTICAL SYSTEM AND INSTRUMENT MANUFACTURING"
331314,SECONDARY SMELTING AND ALLOYING OF ALUMINUM
331492,"SECONDARY SMELTING, REFINING, AND ALLOYING OF NONFERROUS METAL (EXCEPT COPPER AND ALUMINUM)"
523210,SECURITIES AND COMMODITY EXCHANGES
561612,SECURITY GUARDS AND PATROL SERVICES
561621,SECURITY SYSTEMS SERVICES (EXCEPT LOCKSMITHS)
334413,SEMICONDUCTOR AND RELATED DEVICE MANUFACTURING
333242,SEMICONDUCTOR MACHINERY MANUFACTURING
562991,SEPTIC TANK AND RELATED SERVICES
423850,SERVICE ESTABLISHMENT EQUIPMENT AND SUPPLIES MERCHANT WHOLESALERS
624120,SERVICES FOR THE ELDERLY AND PERSONS WITH DISABILITIES
221320,SEWAGE TREATMENT FACILITIES
332322,SHEET METAL WORK MANUFACTURING
336611,SHIP BUILDING AND REPAIRING
448210,SHOE STORES
337215,"SHOWCASE, PARTITION, SHELVING, AND LOCKER MANUFACTURING"
238910,SITE PREPARATION CONTRACTORS
332992,SMALL ARMS AMMUNITION MANUFACTURING
332994,"SMALL ARMS, ORDNANCE, AND ORDNANCE ACCESSORIES MANUFACTURING"
325611,SOAP AND OTHER DETERGENT MANUFACTURING
334614,"SOFTWARE AND OTHER PRERECORDED COMPACT DISC, TAPE, AND RECORD REPRODUCING"
511210,SOFTWARE PUBLISHERS
115112,"SOIL PREPARATION, PLANTING, AND CULTIVATING"
221114,SOLAR ELECTRIC POWER GENERATION
562111,SOLID WASTE COLLECTION
562213,SOLID WASTE COMBUSTORS AND INCINERATORS
562212,SOLID WASTE LANDFILL
311224,SOYBEAN AND OTHER OILSEED PROCESSING
927110,SPACE RESEARCH AND TECHNOLOGY
333514,"SPECIAL DIE AND TOOL, DIE SET, JIG, AND FIXTURE MANUFACTURING"
485991,SPECIAL NEEDS TRANSPORTATION
484220,"SPECIALIZED FREIGHT (EXCEPT USED GOODS) TRUCKING, LOCAL"
484230,"SPECIALIZED FREIGHT (EXCEPT USED GOODS) TRUCKING, LONG-DISTANCE"
622310,SPECIALTY (EXCEPT PSYCHIATRIC AND SUBSTANCE ABUSE) HOSPITALS
311422,SPECIALTY CANNING
333612,"SPEED CHANGER, INDUSTRIAL HIGH-SPEED DRIVE, AND GEAR MANUFACTURING"
339920,SPORTING AND ATHLETIC GOODS MANUFACTURING
711211,SPORTS TEAMS AND CLUBS
322230,STATIONERY PRODUCT MANUFACTURING
221330,STEAM AND AIR-CONDITIONING SUPPLY
331513,STEEL FOUNDRIES (EXCEPT INVESTMENT)
331222,STEEL WIRE DRAWING
335911,STORAGE BATTERY MANUFACTURING
238120,STRUCTURAL STEEL AND PRECAST CONCRETE CONTRACTORS
115210,SUPPORT ACTIVITIES FOR ANIMAL PRODUCTION
115310,SUPPORT ACTIVITIES FOR FORESTRY
213112,SUPPORT ACTIVITIES FOR OIL AND GAS OPERATIONS
488210,SUPPORT ACTIVITIES FOR RAIL TRANSPORTATION
339112,SURGICAL AND MEDICAL INSTRUMENT MANUFACTURING
339113,SURGICAL APPLIANCE AND SUPPLIES MANUFACTURING
541370,SURVEYING AND MAPPING (EXCEPT GEOPHYSICAL) SERVICES
335313,SWITCHGEAR AND SWITCHBOARD APPARATUS MANUFACTURING
325212,SYNTHETIC RUBBER MANUFACTURING
517911,TELECOMMUNICATIONS RESELLERS
517310,TELECOMMUNICATIONS RESELLERS
561422,TELEMARKETING BUREAUS AND OTHER CONTACT CENTERS
561421,TELEPHONE ANSWERING SERVICES
334210,TELEPHONE APPARATUS MANUFACTURING
512191,TELEPRODUCTION AND OTHER POSTPRODUCTION SERVICES
515120,TELEVISION BROADCASTING
561320,TEMPORARY HELP SERVICES
624221,TEMPORARY SHELTERS
541380,TESTING LABORATORIES
313310,TEXTILE AND FABRIC FINISHING MILLS
314910,TEXTILE BAG AND CANVAS MILLS
524292,THIRD PARTY ADMINISTRATION OF INSURANCE AND PENSION FUNDS
238340,TILE AND TERRAZZO CONTRACTORS
326211,TIRE MANUFACTURING (EXCEPT RETREADING)
541191,TITLE ABSTRACT AND SETTLEMENT OFFICES
311830,TORTILLA MANUFACTURING
334514,TOTALIZING FLUID METER AND COUNTING DEVICE MANUFACTURING
561520,TOUR OPERATORS
423860,TRANSPORTATION EQUIPMENT AND SUPPLIES (EXCEPT MOTOR VEHICLE) MERCHANT WHOLESALERS
561510,TRAVEL AGENCIES
336214,TRAVEL TRAILER AND CAMPER MANUFACTURING
111335,TREE NUT FARMING
336212,TRUCK TRAILER MANUFACTURING
532120,"TRUCK, UTILITY TRAILER, AND RV (RECREATIONAL VEHICLE) RENTAL AND LEASING"
523991,"TRUST, FIDUCIARY, AND CUSTODY ACTIVITIES"
333611,TURBINE AND TURBINE GENERATOR SET UNITS MANUFACTURING
326113,UNLAMINATED PLASTICS FILM AND SHEET (EXCEPT PACKAGING) MANUFACTURING
326121,UNLAMINATED PLASTICS PROFILE SHAPE MANUFACTURING
337121,UPHOLSTERED HOUSEHOLD FURNITURE MANUFACTURING
326150,URETHANE AND OTHER FOAM PRODUCT (EXCEPT POLYSTYRENE) MANUFACTURING
484210,USED HOUSEHOLD AND OFFICE GOODS MOVING
541940,VETERINARY SERVICES
624310,VOCATIONAL REHABILITATION SERVICES
813212,VOLUNTARY HEALTH ORGANIZATIONS
237110,WATER AND SEWER LINE AND RELATED STRUCTURES CONSTRUCTION
221310,WATER SUPPLY AND IRRIGATION SYSTEMS
333992,WELDING AND SOLDERING EQUIPMENT MANUFACTURING
311221,WET CORN MILLING
425120,WHOLESALE TRADE AGENTS AND BROKERS
517110,WIRED TELECOMMUNICATIONS CARRIERS
517311,WIRED TELECOMMUNICATIONS CARRIERS
517312,WIRELESS TELECOMMUNICATIONS CARRIERS (EXCEPT SATELLITE)
315240,"WOMEN'S, GIRLS', AND INFANTS' CUT AND SEW APPAREL MANUFACTURING"
321920,WOOD CONTAINER AND PALLET MANUFACTURING
337211,WOOD OFFICE FURNITURE MANUFACTURING